date,high_c,low_c
2021-01-01,15.0,8.6
2021-01-02,17.8,10.4
2021-01-03,20.6,13.4
2021-01-04,20.7,16.9
2021-01-05,21.9,17.3
2021-01-06,19.6,16.0
2021-01-07,18.3,10.6
2021-01-08,10.7,7.7
2021-01-09,13.1,8.0
2021-01-10,15.2,11.0
2021-01-11,12.4,9.2
2021-01-12,15.7,8.6
2021-01-13,17.8,10.4
2021-01-14,19.5,11.8
2021-01-15,20.9,14.6
2021-01-16,20.3,15.8
2021-01-17,19.6,14.1
2021-01-18,17.3,11.7
2021-01-19,17.4,12.6
2021-01-20,21.4,16.1
2021-01-21,22.8,17.6
2021-01-22,24.5,18.2
2021-01-23,24.4,17.7
2021-01-24,20.0,17.3
2021-01-25,22.9,16.9
2021-01-26,23.5,17.4
2021-01-27,21.9,17.6
2021-01-28,22.8,16.5
2021-01-29,19.7,14.3
2021-01-30,19.5,14.8
2021-01-31,21.6,16.0
2021-02-01,25.1,17.2
2021-02-02,27.6,17.7
2021-02-03,21.7,16.7
2021-02-04,23.8,16.8
2021-02-05,23.9,17.3
2021-02-06,25.7,17.5
2021-02-07,24.1,18.1
2021-02-08,22.7,18.2
2021-02-09,19.7,17.3
2021-02-10,17.4,15.8
2021-02-11,19.9,15.3
2021-02-12,22.3,15.5
2021-02-13,23.8,16.5
2021-02-14,22.8,17.4
2021-02-15,26.2,17.8
2021-02-16,24.2,18.2
2021-02-17,24.6,18.3
2021-02-18,22.9,16.7
2021-02-19,22.9,15.8
2021-02-20,23.9,16.7
2021-02-21,24.9,17.3
2021-02-22,26.0,18.4
2021-02-23,26.4,18.8
2021-02-24,22.9,18.9
2021-02-25,22.7,18.8
2021-02-26,25.1,20.4
2021-02-27,20.8,18.1
2021-02-28,22.8,18.1
2021-03-01,25.0,20.0
2021-03-02,25.6,19.1
2021-03-03,19.1,17.8
2021-03-04,19.4,18.3
2021-03-05,21.1,19.2
2021-03-06,21.7,19.6
2021-03-07,20.5,19.1
2021-03-08,22.6,18.3
2021-03-09,22.9,18.6
2021-03-10,21.7,19.2
2021-03-11,24.2,18.8
2021-03-12,27.7,20.2
2021-03-13,24.7,20.5
2021-03-14,23.6,20.1
2021-03-15,26.3,19.9
2021-03-16,28.8,21.1
2021-03-17,28.8,21.8
2021-03-18,26.2,22.2
2021-03-19,27.7,22.8
2021-03-20,29.7,22.3
2021-03-21,24.2,17.2
2021-03-22,20.9,15.8
2021-03-23,20.0,17.9
2021-03-24,23.5,18.4
2021-03-25,25.2,20.7
2021-03-26,25.2,19.5
2021-03-27,28.6,21.8
2021-03-28,28.1,22.6
2021-03-29,28.5,23.6
2021-03-30,29.0,25.3
2021-03-31,29.0,25.3
2021-04-01,29.4,25.2
2021-04-02,30.5,25.0
2021-04-03,30.6,24.4
2021-04-04,26.8,22.6
2021-04-05,23.2,21.6
2021-04-06,27.9,22.1
2021-04-07,26.0,21.8
2021-04-08,25.5,22.2
2021-04-09,22.4,19.7
2021-04-10,25.9,20.2
2021-04-11,27.0,20.9
2021-04-12,28.7,22.2
2021-04-13,31.2,23.0
2021-04-14,27.0,23.3
2021-04-15,23.4,21.5
2021-04-16,25.1,21.5
2021-04-17,23.1,22.3
2021-04-18,25.6,22.3
2021-04-19,24.9,21.2
2021-04-20,27.1,21.4
2021-04-21,28.7,22.1
2021-04-22,29.4,22.5
2021-04-23,32.6,23.9
2021-04-24,26.6,24.5
2021-04-25,26.5,22.4
2021-04-26,25.3,21.8
2021-04-27,23.7,22.7
2021-04-28,26.9,23.0
2021-04-29,28.2,21.7
2021-04-30,30.8,22.5
2021-05-01,30.0,23.8
2021-05-02,30.8,24.5
2021-05-03,25.4,23.5
2021-05-04,31.3,23.1
2021-05-05,31.7,23.3
2021-05-06,28.6,23.4
2021-05-07,30.5,24.0
2021-05-08,30.9,25.4
2021-05-09,31.7,26.8
2021-05-10,31.8,26.4
2021-05-11,31.4,27.7
2021-05-12,32.1,28.2
2021-05-13,32.0,28.0
2021-05-14,34.0,28.1
2021-05-15,33.8,27.9
2021-05-16,33.5,28.2
2021-05-17,33.3,28.8
2021-05-18,32.5,28.3
2021-05-19,33.5,28.8
2021-05-20,33.3,29.2
2021-05-21,34.0,29.5
2021-05-22,34.3,27.8
2021-05-23,36.1,28.9
2021-05-24,31.5,27.6
2021-05-25,30.1,27.5
2021-05-26,33.5,27.8
2021-05-27,33.2,28.2
2021-05-28,33.6,28.5
2021-05-29,32.8,28.8
2021-05-30,32.3,29.2
2021-05-31,32.4,26.7
2021-06-01,29.3,24.1
2021-06-02,31.3,25.0
2021-06-03,34.0,27.9
2021-06-04,29.8,26.7
2021-06-05,29.2,25.6
2021-06-06,31.4,26.4
2021-06-07,32.2,26.6
2021-06-08,33.5,26.5
2021-06-09,29.9,26.4
2021-06-10,32.8,25.5
2021-06-11,32.9,26.7
2021-06-12,29.5,26.2
2021-06-13,32.0,26.0
2021-06-14,31.1,27.8
2021-06-15,31.8,27.2
2021-06-16,33.3,29.1
2021-06-17,32.8,27.7
2021-06-18,32.8,29.0
2021-06-19,33.0,29.5
2021-06-20,32.8,29.4
2021-06-21,32.4,29.4
2021-06-22,30.2,24.7
2021-06-23,29.0,25.1
2021-06-24,26.7,25.1
2021-06-25,29.0,26.0
2021-06-26,29.9,25.9
2021-06-27,30.0,28.4
2021-06-28,29.6,24.0
2021-06-29,30.7,28.8
2021-06-30,32.6,29.0
2021-07-01,32.4,29.2
2021-07-02,32.8,29.3
2021-07-03,33.0,29.1
2021-07-04,33.2,28.9
2021-07-05,33.8,28.0
2021-07-06,32.7,26.7
2021-07-07,33.1,26.6
2021-07-08,32.8,28.4
2021-07-09,34.8,28.2
2021-07-10,34.0,28.2
2021-07-11,33.6,28.8
2021-07-12,34.8,28.7
2021-07-13,35.3,28.8
2021-07-14,34.1,29.1
2021-07-15,35.4,28.9
2021-07-16,30.9,28.7
2021-07-17,31.2,26.9
2021-07-18,28.8,24.9
2021-07-19,27.9,25.0
2021-07-20,27.1,25.3
2021-07-21,27.8,25.3
2021-07-22,32.8,26.9
2021-07-23,34.1,27.4
2021-07-24,33.2,26.5
2021-07-25,33.6,25.9
2021-07-26,33.9,28.7
2021-07-27,35.3,29.5
2021-07-28,34.1,29.1
2021-07-29,32.3,28.3
2021-07-30,30.5,26.5
2021-07-31,32.2,27.0
2021-08-01,32.5,27.1
2021-08-02,33.9,28.5
2021-08-03,29.7,27.1
2021-08-04,31.3,25.9
2021-08-05,28.6,26.2
2021-08-06,29.7,26.4
2021-08-07,30.9,27.6
2021-08-08,31.5,27.8
2021-08-09,31.3,27.2
2021-08-10,30.4,27.5
2021-08-11,32.1,27.1
2021-08-12,33.0,26.8
2021-08-13,30.7,26.6
2021-08-14,29.2,26.6
2021-08-15,30.0,25.7
2021-08-16,31.0,26.2
2021-08-17,32.5,27.4
2021-08-18,32.3,28.1
2021-08-19,31.0,26.2
2021-08-20,32.5,27.3
2021-08-21,32.5,28.0
2021-08-22,33.1,28.3
2021-08-23,33.2,28.4
2021-08-24,32.1,26.6
2021-08-25,34.4,28.2
2021-08-26,32.7,27.1
2021-08-27,29.2,23.4
2021-08-28,29.8,24.9
2021-08-29,29.9,25.3
2021-08-30,32.9,27.4
2021-08-31,29.1,25.2
2021-09-01,32.1,26.7
2021-09-02,33.0,27.7
2021-09-03,33.6,27.8
2021-09-04,33.6,27.9
2021-09-05,33.2,28.3
2021-09-06,32.5,28.0
2021-09-07,33.4,28.1
2021-09-08,34.3,28.2
2021-09-09,33.5,27.8
2021-09-10,33.7,28.6
2021-09-11,33.4,28.4
2021-09-12,34.5,29.0
2021-09-13,33.6,29.5
2021-09-14,30.2,26.7
2021-09-15,33.0,27.9
2021-09-16,31.9,26.8
2021-09-17,34.1,27.5
2021-09-18,33.2,28.3
2021-09-19,32.1,27.4
2021-09-20,32.3,27.9
2021-09-21,31.7,26.7
2021-09-22,34.0,27.9
2021-09-23,30.2,26.0
2021-09-24,32.0,27.8
2021-09-25,32.3,27.9
2021-09-26,31.6,27.8
2021-09-27,32.8,28.1
2021-09-28,32.2,27.9
2021-09-29,32.7,27.9
2021-09-30,32.9,28.4
2021-10-01,33.1,28.8
2021-10-02,32.9,28.3
2021-10-03,29.9,27.0
2021-10-04,32.7,28.1
2021-10-05,32.8,28.7
2021-10-06,31.7,27.6
2021-10-07,30.8,25.0
2021-10-08,26.8,24.7
2021-10-09,27.9,25.3
2021-10-10,27.9,25.3
2021-10-11,32.7,26.0
2021-10-12,26.4,23.6
2021-10-13,27.4,22.9
2021-10-14,30.0,26.1
2021-10-15,27.6,25.2
2021-10-16,30.3,24.3
2021-10-17,28.0,22.2
2021-10-18,27.7,20.9
2021-10-19,28.9,23.5
2021-10-20,29.8,25.0
2021-10-21,28.2,19.3
2021-10-22,20.5,18.2
2021-10-23,22.7,18.3
2021-10-24,26.6,19.8
2021-10-25,27.5,19.7
2021-10-26,28.3,22.7
2021-10-27,27.0,24.9
2021-10-28,28.0,24.2
2021-10-29,27.7,23.9
2021-10-30,26.2,23.0
2021-10-31,26.1,23.4
2021-11-01,27.6,23.7
2021-11-02,27.9,24.1
2021-11-03,27.4,24.1
2021-11-04,27.9,24.1
2021-11-05,27.8,24.6
2021-11-06,29.2,24.0
2021-11-07,29.0,24.8
2021-11-08,25.3,18.1
2021-11-09,23.0,16.9
2021-11-10,24.7,17.8
2021-11-11,25.0,18.9
2021-11-12,25.7,20.0
2021-11-13,25.4,20.1
2021-11-14,24.7,19.3
2021-11-15,25.5,20.4
2021-11-16,26.3,21.0
2021-11-17,26.5,22.0
2021-11-18,25.8,20.2
2021-11-19,25.7,21.3
2021-11-20,26.1,22.4
2021-11-21,25.6,22.7
2021-11-22,23.3,16.8
2021-11-23,17.4,14.3
2021-11-24,22.1,16.9
2021-11-25,23.7,18.4
2021-11-26,24.8,18.6
2021-11-27,24.3,18.7
2021-11-28,24.5,19.2
2021-11-29,26.1,19.4
2021-11-30,24.6,17.1
2021-12-01,20.1,14.8
2021-12-02,20.4,14.6
2021-12-03,21.3,14.7
2021-12-04,20.6,15.3
2021-12-05,22.2,16.7
2021-12-06,22.2,16.4
2021-12-07,22.5,17.1
2021-12-08,22.2,18.4
2021-12-09,22.9,18.7
2021-12-10,23.7,18.6
2021-12-11,24.4,20.0
2021-12-12,24.7,19.2
2021-12-13,21.5,17.4
2021-12-14,23.6,18.7
2021-12-15,23.0,19.9
2021-12-16,25.8,21.7
2021-12-17,23.8,18.9
2021-12-18,20.0,16.3
2021-12-19,19.7,16.0
2021-12-20,19.3,15.7
2021-12-21,19.0,16.0
2021-12-22,21.7,17.1
2021-12-23,21.9,18.7
2021-12-24,21.8,18.2
2021-12-25,21.5,17.9
2021-12-26,18.5,11.7
2021-12-27,14.6,9.9
2021-12-28,17.5,12.2
2021-12-29,20.6,16.6
2021-12-30,21.4,16.2
2021-12-31,19.9,17.1
2022-01-01,19.3,16.4
2022-01-02,22.0,16.0
2022-01-03,20.5,17.0
2022-01-04,21.5,17.4
2022-01-05,23.6,18.3
2022-01-06,23.6,18.3
2022-01-07,21.1,17.2
2022-01-08,20.2,16.0
2022-01-09,20.1,16.7
2022-01-10,20.9,16.5
2022-01-11,18.8,13.7
2022-01-12,17.9,14.7
2022-01-13,18.9,15.6
2022-01-14,17.3,15.4
2022-01-15,19.8,16.5
2022-01-16,21.1,17.4
2022-01-17,18.4,17.1
2022-01-18,18.3,15.8
2022-01-19,20.3,14.9
2022-01-20,20.8,15.4
2022-01-21,19.7,16.5
2022-01-22,17.8,16.8
2022-01-23,21.8,17.5
2022-01-24,21.8,18.8
2022-01-25,20.9,17.5
2022-01-26,21.1,17.7
2022-01-27,22.1,18.4
2022-01-28,19.9,18.1
2022-01-29,20.2,16.3
2022-01-30,20.0,13.2
2022-01-31,15.5,13.6
2022-02-01,15.7,12.9
2022-02-02,17.0,14.5
2022-02-03,14.5,11.7
2022-02-04,18.5,11.9
2022-02-05,17.7,13.2
2022-02-06,18.2,14.6
2022-02-07,17.7,15.1
2022-02-08,18.1,15.8
2022-02-09,17.4,15.3
2022-02-10,18.1,15.4
2022-02-11,22.0,16.3
2022-02-12,21.3,17.0
2022-02-13,18.7,15.1
2022-02-14,21.3,14.1
2022-02-15,21.8,15.8
2022-02-16,18.5,15.6
2022-02-17,16.9,15.0
2022-02-18,16.7,15.2
2022-02-19,15.9,9.7
2022-02-20,9.8,8.0
2022-02-21,10.1,7.5
2022-02-22,12.2,9.2
2022-02-23,16.2,9.4
2022-02-24,14.9,10.7
2022-02-25,20.1,12.2
2022-02-26,21.4,13.6
2022-02-27,21.7,14.8
2022-02-28,22.5,16.4
2022-03-01,26.3,19.1
2022-03-02,26.1,18.1
2022-03-03,22.6,17.4
2022-03-04,26.6,18.8
2022-03-05,24.6,17.9
2022-03-06,21.3,17.6
2022-03-07,24.6,16.8
2022-03-08,21.6,15.0
2022-03-09,24.3,15.1
2022-03-10,25.0,17.9
2022-03-11,26.9,18.8
2022-03-12,26.0,19.8
2022-03-13,27.7,21.0
2022-03-14,29.0,21.4
2022-03-15,28.4,21.1
2022-03-16,24.7,21.2
2022-03-17,27.7,22.1
2022-03-18,28.7,21.3
2022-03-19,25.8,22.3
2022-03-20,22.9,19.9
2022-03-21,23.7,21.0
2022-03-22,25.1,21.2
2022-03-23,21.6,16.3
2022-03-24,18.5,16.3
2022-03-25,26.7,18.1
2022-03-26,28.7,24.9
2022-03-27,25.4,19.1
2022-03-28,19.2,16.4
2022-03-29,21.2,17.4
2022-03-30,26.1,19.5
2022-03-31,29.3,21.9
2022-04-01,22.0,15.7
2022-04-02,16.1,13.7
2022-04-03,23.9,15.2
2022-04-04,25.6,16.8
2022-04-05,26.9,18.1
2022-04-06,26.2,19.4
2022-04-07,26.7,20.0
2022-04-08,29.1,20.5
2022-04-09,27.6,20.3
2022-04-10,28.5,20.5
2022-04-11,30.3,22.6
2022-04-12,30.2,23.0
2022-04-13,28.1,23.9
2022-04-14,27.8,23.0
2022-04-15,27.6,22.8
2022-04-16,22.9,21.2
2022-04-17,24.9,19.2
2022-04-18,23.2,20.9
2022-04-19,21.1,19.1
2022-04-20,25.6,19.8
2022-04-21,28.4,21.4
2022-04-22,27.2,23.4
2022-04-23,30.3,24.1
2022-04-24,30.9,24.9
2022-04-25,31.4,26.3
2022-04-26,29.8,26.2
2022-04-27,31.6,26.1
2022-04-28,31.6,26.8
2022-04-29,32.0,26.2
2022-04-30,26.8,24.3
2022-05-01,24.6,17.1
2022-05-02,21.3,16.4
2022-05-03,26.6,18.8
2022-05-04,28.5,21.6
2022-05-05,29.3,23.2
2022-05-06,28.9,23.4
2022-05-07,29.7,23.6
2022-05-08,27.5,23.4
2022-05-09,29.0,24.3
2022-05-10,27.7,24.4
2022-05-11,25.9,24.2
2022-05-12,27.0,24.6
2022-05-13,26.9,24.3
2022-05-14,26.5,23.5
2022-05-15,24.9,20.8
2022-05-16,20.8,18.8
2022-05-17,26.3,19.6
2022-05-18,27.1,21.9
2022-05-19,30.0,23.5
2022-05-20,30.9,24.5
2022-05-21,30.7,24.6
2022-05-22,27.2,24.1
2022-05-23,24.8,23.1
2022-05-24,25.0,23.7
2022-05-25,27.4,23.8
2022-05-26,28.6,25.1
2022-05-27,28.5,26.1
2022-05-28,31.3,27.1
2022-05-29,32.2,27.8
2022-05-30,32.7,27.4
2022-05-31,30.7,27.4
2022-06-01,30.9,27.0
2022-06-02,31.0,26.0
2022-06-03,31.2,28.0
2022-06-04,32.0,28.6
2022-06-05,32.0,28.7
2022-06-06,30.6,27.6
2022-06-07,29.6,24.6
2022-06-08,28.0,24.7
2022-06-09,27.9,25.0
2022-06-10,27.3,25.0
2022-06-11,29.1,25.3
2022-06-12,30.3,25.6
2022-06-13,30.6,28.1
2022-06-14,29.3,24.8
2022-06-15,30.5,24.0
2022-06-16,30.5,24.3
2022-06-17,31.0,28.0
2022-06-18,29.8,27.5
2022-06-19,30.9,28.0
2022-06-20,30.4,27.6
2022-06-21,30.5,28.6
2022-06-22,31.8,28.1
2022-06-23,33.8,27.9
2022-06-24,33.4,27.8
2022-06-25,32.8,27.7
2022-06-26,33.9,26.8
2022-06-27,33.4,27.8
2022-06-28,34.4,28.2
2022-06-29,33.9,28.1
2022-06-30,29.6,25.9
2022-07-01,29.7,25.4
2022-07-02,28.4,25.6
2022-07-03,30.3,28.2
2022-07-04,29.4,27.9
2022-07-05,29.7,28.4
2022-07-06,30.3,28.0
2022-07-07,31.6,27.2
2022-07-08,33.8,27.7
2022-07-09,33.3,28.6
2022-07-10,34.2,28.6
2022-07-11,35.1,28.5
2022-07-12,35.2,28.6
2022-07-13,35.2,28.4
2022-07-14,33.1,28.5
2022-07-15,34.3,28.6
2022-07-16,33.3,28.8
2022-07-17,32.6,28.8
2022-07-18,32.7,28.5
2022-07-19,33.7,29.1
2022-07-20,34.2,29.2
2022-07-21,35.2,28.1
2022-07-22,35.6,28.2
2022-07-23,34.9,29.2
2022-07-24,36.1,29.5
2022-07-25,35.8,29.9
2022-07-26,35.2,29.1
2022-07-27,34.2,29.0
2022-07-28,35.3,28.8
2022-07-29,35.3,29.7
2022-07-30,31.2,26.5
2022-07-31,34.0,28.3
2022-08-01,35.7,29.1
2022-08-02,35.2,28.0
2022-08-03,30.8,25.6
2022-08-04,28.4,25.9
2022-08-05,28.6,24.5
2022-08-06,30.9,26.1
2022-08-07,32.6,27.6
2022-08-08,30.9,26.2
2022-08-09,28.5,25.4
2022-08-10,29.6,25.8
2022-08-11,28.8,25.5
2022-08-12,27.1,24.9
2022-08-13,32.6,25.8
2022-08-14,33.3,26.9
2022-08-15,33.6,28.1
2022-08-16,33.2,26.2
2022-08-17,32.3,26.2
2022-08-18,30.4,26.2
2022-08-19,32.0,26.4
2022-08-20,31.9,26.5
2022-08-21,32.9,26.6
2022-08-22,32.9,28.2
2022-08-23,34.5,28.6
2022-08-24,34.9,26.4
2022-08-25,29.8,25.0
2022-08-26,32.9,27.5
2022-08-27,33.0,27.4
2022-08-28,34.4,28.3
2022-08-29,34.6,28.6
2022-08-30,32.3,27.9
2022-08-31,31.7,28.1
2022-09-01,32.9,26.9
2022-09-02,32.3,27.3
2022-09-03,33.9,26.9
2022-09-04,34.7,27.7
2022-09-05,35.3,28.8
2022-09-06,34.5,28.4
2022-09-07,29.6,26.7
2022-09-08,32.8,27.8
2022-09-09,33.3,27.5
2022-09-10,31.4,27.6
2022-09-11,32.1,27.4
2022-09-12,33.7,28.2
2022-09-13,35.9,28.8
2022-09-14,35.5,29.6
2022-09-15,34.5,28.7
2022-09-16,33.8,28.6
2022-09-17,33.9,29.1
2022-09-18,34.0,27.4
2022-09-19,32.3,25.9
2022-09-20,30.7,26.2
2022-09-21,30.4,25.8
2022-09-22,31.2,26.9
2022-09-23,32.1,25.6
2022-09-24,31.0,25.8
2022-09-25,32.7,26.9
2022-09-26,33.7,27.2
2022-09-27,32.3,28.1
2022-09-28,31.2,27.7
2022-09-29,29.7,25.0
2022-09-30,28.3,24.8
2022-10-01,30.5,25.7
2022-10-02,31.9,27.7
2022-10-03,33.0,27.5
2022-10-04,33.5,27.5
2022-10-05,31.4,27.8
2022-10-06,32.0,27.3
2022-10-07,31.5,25.8
2022-10-08,30.4,26.0
2022-10-09,31.0,23.7
2022-10-10,26.6,21.6
2022-10-11,28.1,21.2
2022-10-12,29.6,21.9
2022-10-13,29.6,23.3
2022-10-14,31.0,24.9
2022-10-15,31.6,24.1
2022-10-16,31.3,25.6
2022-10-17,29.0,26.3
2022-10-18,26.7,17.3
2022-10-19,26.2,18.3
2022-10-20,27.2,22.7
2022-10-21,28.5,23.2
2022-10-22,30.3,22.8
2022-10-23,30.7,24.3
2022-10-24,27.1,23.8
2022-10-25,25.8,22.6
2022-10-26,26.7,22.0
2022-10-27,28.1,22.4
2022-10-28,30.0,23.3
2022-10-29,30.0,23.7
2022-10-30,28.2,22.6
2022-10-31,27.2,23.8
2022-11-01,25.3,18.9
2022-11-02,21.5,18.9
2022-11-03,23.2,20.9
2022-11-04,24.0,21.9
2022-11-05,22.2,20.8
2022-11-06,22.5,19.3
2022-11-07,23.5,19.7
2022-11-08,23.7,20.6
2022-11-09,26.7,21.6
2022-11-10,27.9,23.0
2022-11-11,28.1,23.5
2022-11-12,26.8,23.3
2022-11-13,28.5,22.9
2022-11-14,25.7,23.2
2022-11-15,26.0,23.4
2022-11-16,25.8,23.2
2022-11-17,27.2,22.9
2022-11-18,26.9,23.1
2022-11-19,27.6,23.7
2022-11-20,27.5,23.3
2022-11-21,25.3,23.1
2022-11-22,24.1,22.3
2022-11-23,24.8,22.5
2022-11-24,22.6,21.4
2022-11-25,23.4,21.3
2022-11-26,23.6,21.7
2022-11-27,23.7,22.1
2022-11-28,28.6,23.4
2022-11-29,27.8,24.3
2022-11-30,26.1,18.3
2022-12-01,18.4,14.8
2022-12-02,19.4,13.6
2022-12-03,21.5,16.9
2022-12-04,23.3,19.9
2022-12-05,20.7,15.7
2022-12-06,19.8,14.9
2022-12-07,21.5,16.6
2022-12-08,22.6,17.7
2022-12-09,22.7,17.4
2022-12-10,21.6,15.6
2022-12-11,19.0,15.3
2022-12-12,18.0,15.0
2022-12-13,16.7,12.9
2022-12-14,13.1,11.5
2022-12-15,16.2,12.3
2022-12-16,18.2,15.1
2022-12-17,15.1,11.8
2022-12-18,13.8,9.4
2022-12-19,16.6,10.6
2022-12-20,19.2,14.7
2022-12-21,19.8,15.5
2022-12-22,20.3,13.9
2022-12-23,20.2,14.7
2022-12-24,20.1,14.4
2022-12-25,18.5,14.1
2022-12-26,18.8,14.3
2022-12-27,18.8,14.9
2022-12-28,20.6,14.7
2022-12-29,18.9,14.5
2022-12-30,17.3,12.4
2022-12-31,18.7,12.0
2023-01-01,19.3,14.5
2023-01-02,21.6,17.2
2023-01-03,19.2,16.1
2023-01-04,19.9,15.8
2023-01-05,21.4,16.8
2023-01-06,23.4,17.0
2023-01-07,21.3,17.9
2023-01-08,20.0,17.0
2023-01-09,21.4,18.2
2023-01-10,19.0,17.6
2023-01-11,19.1,17.0
2023-01-12,19.6,17.5
2023-01-13,23.9,18.9
2023-01-14,24.7,20.0
2023-01-15,21.6,13.0
2023-01-16,13.2,11.3
2023-01-17,15.2,11.0
2023-01-18,17.1,11.5
2023-01-19,18.7,13.3
2023-01-20,20.9,15.9
2023-01-21,18.8,16.0
2023-01-22,22.4,16.6
2023-01-23,21.1,16.9
2023-01-24,18.7,12.0
2023-01-25,14.4,10.6
2023-01-26,18.6,13.0
2023-01-27,17.3,12.4
2023-01-28,15.7,10.6
2023-01-29,16.0,9.8
2023-01-30,18.8,11.7
2023-01-31,20.1,13.8
2023-02-01,23.7,17.8
2023-02-02,21.2,17.9
2023-02-03,19.9,16.7
2023-02-04,19.1,16.6
2023-02-05,19.3,16.8
2023-02-06,21.1,17.9
2023-02-07,24.8,18.8
2023-02-08,20.1,17.2
2023-02-09,23.5,16.9
2023-02-10,24.2,19.5
2023-02-11,20.2,17.8
2023-02-12,21.1,18.7
2023-02-13,26.1,19.5
2023-02-14,20.7,16.6
2023-02-15,20.3,13.1
2023-02-16,19.9,14.5
2023-02-17,24.0,15.6
2023-02-18,25.1,18.0
2023-02-19,26.6,19.8
2023-02-20,24.1,18.2
2023-02-21,20.5,16.1
2023-02-22,20.4,14.8
2023-02-23,22.9,15.4
2023-02-24,23.4,17.0
2023-02-25,21.0,14.8
2023-02-26,21.2,14.4
2023-02-27,20.1,14.2
2023-02-28,22.3,14.9
2023-03-01,24.4,16.4
2023-03-02,23.2,17.8
2023-03-03,22.4,16.5
2023-03-04,23.8,17.3
2023-03-05,23.5,17.3
2023-03-06,24.1,17.4
2023-03-07,24.1,17.7
2023-03-08,25.7,19.1
2023-03-09,27.0,19.5
2023-03-10,26.6,20.3
2023-03-11,26.0,19.9
2023-03-12,25.6,20.2
2023-03-13,22.4,19.1
2023-03-14,22.9,18.7
2023-03-15,24.5,18.7
2023-03-16,25.8,19.4
2023-03-17,26.1,20.0
2023-03-18,26.8,19.8
2023-03-19,21.9,20.0
2023-03-20,24.4,20.1
2023-03-21,25.4,22.1
2023-03-22,25.6,24.1
2023-03-23,26.3,24.1
2023-03-24,29.0,23.3
2023-03-25,26.4,20.9
2023-03-26,21.6,20.0
2023-03-27,20.0,17.5
2023-03-28,20.1,17.2
2023-03-29,21.8,18.4
2023-03-30,21.4,19.8
2023-03-31,21.1,19.6
2023-04-01,22.4,19.3
2023-04-02,21.6,20.5
2023-04-03,21.5,20.3
2023-04-04,25.9,20.6
2023-04-05,26.3,24.3
2023-04-06,28.4,20.2
2023-04-07,25.9,19.4
2023-04-08,21.8,20.2
2023-04-09,21.7,18.0
2023-04-10,23.3,19.9
2023-04-11,28.1,21.9
2023-04-12,29.2,22.0
2023-04-13,26.3,21.6
2023-04-14,28.9,22.5
2023-04-15,30.6,23.4
2023-04-16,30.8,24.1
2023-04-17,29.2,24.0
2023-04-18,29.9,24.6
2023-04-19,27.7,21.6
2023-04-20,25.1,23.2
2023-04-21,25.3,23.3
2023-04-22,23.9,22.5
2023-04-23,23.7,22.4
2023-04-24,24.3,22.9
2023-04-25,23.7,20.4
2023-04-26,24.8,19.4
2023-04-27,24.7,21.5
2023-04-28,27.6,21.8
2023-04-29,28.1,23.7
2023-04-30,27.8,22.7
2023-05-01,26.1,23.0
2023-05-02,26.9,22.7
2023-05-03,29.1,23.6
2023-05-04,31.0,25.4
2023-05-05,30.2,25.5
2023-05-06,29.7,26.9
2023-05-07,30.3,23.4
2023-05-08,24.8,21.9
2023-05-09,26.5,22.3
2023-05-10,25.3,23.0
2023-05-11,25.8,22.2
2023-05-12,25.7,23.8
2023-05-13,25.3,22.3
2023-05-14,23.1,20.2
2023-05-15,27.1,21.9
2023-05-16,27.3,23.1
2023-05-17,28.9,23.7
2023-05-18,31.4,27.5
2023-05-19,31.3,27.4
2023-05-20,32.7,28.0
2023-05-21,32.2,28.0
2023-05-22,33.0,28.1
2023-05-23,29.2,24.4
2023-05-24,28.2,23.3
2023-05-25,26.9,24.9
2023-05-26,30.9,26.4
2023-05-27,32.3,26.7
2023-05-28,32.5,27.0
2023-05-29,32.3,26.3
2023-05-30,34.6,28.0
2023-05-31,34.7,29.6
2023-06-01,31.6,26.2
2023-06-02,35.2,28.2
2023-06-03,34.9,28.9
2023-06-04,32.7,27.9
2023-06-05,32.9,27.7
2023-06-06,30.2,26.8
2023-06-07,31.5,27.0
2023-06-08,33.1,27.4
2023-06-09,32.0,26.7
2023-06-10,33.0,28.0
2023-06-11,32.5,27.3
2023-06-12,33.7,28.2
2023-06-13,32.7,25.8
2023-06-14,29.6,25.1
2023-06-15,28.7,26.1
2023-06-16,28.1,25.2
2023-06-17,28.0,25.3
2023-06-18,29.9,25.7
2023-06-19,31.4,26.9
2023-06-20,32.2,27.8
2023-06-21,32.2,28.7
2023-06-22,32.4,29.0
2023-06-23,31.2,28.0
2023-06-24,31.0,27.4
2023-06-25,32.9,26.1
2023-06-26,32.9,26.6
2023-06-27,33.9,28.1
2023-06-28,31.3,26.9
2023-06-29,33.3,27.1
2023-06-30,32.5,26.5
2023-07-01,30.9,26.2
2023-07-02,29.3,26.2
2023-07-03,32.4,27.0
2023-07-04,32.0,26.7
2023-07-05,33.0,28.9
2023-07-06,32.8,28.4
2023-07-07,33.4,29.0
2023-07-08,33.2,28.8
2023-07-09,33.7,28.7
2023-07-10,33.7,28.9
2023-07-11,33.6,28.9
2023-07-12,34.5,28.9
2023-07-13,34.8,28.6
2023-07-14,33.8,28.5
2023-07-15,34.5,28.2
2023-07-16,33.3,27.2
2023-07-17,29.4,27.2
2023-07-18,31.1,27.5
2023-07-19,30.3,27.3
2023-07-20,33.6,26.8
2023-07-21,32.4,27.7
2023-07-22,34.0,28.3
2023-07-23,34.1,28.6
2023-07-24,34.6,28.4
2023-07-25,33.4,28.4
2023-07-26,35.5,29.3
2023-07-27,36.1,28.4
2023-07-28,34.7,28.9
2023-07-29,31.5,27.2
2023-07-30,32.1,27.5
2023-07-31,32.5,26.5
2023-08-01,32.2,27.9
2023-08-02,34.6,27.9
2023-08-03,35.1,27.9
2023-08-04,33.5,28.3
2023-08-05,33.0,28.3
2023-08-06,33.0,29.2
2023-08-07,32.4,28.0
2023-08-08,33.3,28.9
2023-08-09,32.8,28.7
2023-08-10,32.1,27.5
2023-08-11,30.1,25.7
2023-08-12,32.1,26.6
2023-08-13,29.6,26.1
2023-08-14,32.2,27.0
2023-08-15,32.5,28.8
2023-08-16,34.0,28.8
2023-08-17,32.0,29.0
2023-08-18,30.6,27.2
2023-08-19,30.6,27.3
2023-08-20,31.5,28.4
2023-08-21,32.1,28.2
2023-08-22,33.0,28.0
2023-08-23,33.5,28.2
2023-08-24,31.4,27.5
2023-08-25,30.9,28.2
2023-08-26,32.8,27.9
2023-08-27,31.9,26.4
2023-08-28,33.4,28.1
2023-08-29,32.6,26.8
2023-08-30,32.0,26.7
2023-08-31,32.1,27.7
2023-09-01,28.7,25.0
2023-09-02,27.2,25.2
2023-09-03,33.7,27.0
2023-09-04,32.6,27.3
2023-09-05,31.0,27.7
2023-09-06,32.1,27.8
2023-09-07,29.7,25.5
2023-09-08,26.3,25.0
2023-09-09,26.6,25.5
2023-09-10,26.5,24.8
2023-09-11,28.2,25.6
2023-09-12,29.4,26.0
2023-09-13,30.4,26.8
2023-09-14,28.2,25.6
2023-09-15,30.6,25.2
2023-09-16,28.8,25.4
2023-09-17,31.7,26.8
2023-09-18,32.7,27.4
2023-09-19,33.5,27.3
2023-09-20,32.9,27.5
2023-09-21,33.6,27.6
2023-09-22,34.4,28.4
2023-09-23,33.7,28.3
2023-09-24,33.1,28.5
2023-09-25,33.1,27.9
2023-09-26,33.4,28.3
2023-09-27,33.9,28.6
2023-09-28,33.6,28.7
2023-09-29,33.7,26.7
2023-09-30,33.6,28.2
2023-10-01,34.0,28.0
2023-10-02,32.3,27.9
2023-10-03,31.4,27.7
2023-10-04,34.6,28.3
2023-10-05,34.1,28.5
2023-10-06,32.2,26.7
2023-10-07,27.2,23.5
2023-10-08,25.1,22.7
2023-10-09,25.0,23.4
2023-10-10,26.9,23.8
2023-10-11,29.2,23.7
2023-10-12,29.2,23.5
2023-10-13,30.2,24.8
2023-10-14,30.0,24.7
2023-10-15,29.9,25.1
2023-10-16,28.9,25.4
2023-10-17,28.2,24.5
2023-10-18,25.4,23.4
2023-10-19,26.0,24.6
2023-10-20,27.6,24.6
2023-10-21,25.4,22.0
2023-10-22,27.8,22.4
2023-10-23,29.4,23.8
2023-10-24,30.1,24.8
2023-10-25,29.7,25.3
2023-10-26,29.2,24.8
2023-10-27,29.6,24.9
2023-10-28,27.7,24.2
2023-10-29,27.1,24.1
2023-10-30,29.3,24.6
2023-10-31,28.6,24.1
2023-11-01,29.1,23.6
2023-11-02,28.4,24.4
2023-11-03,29.1,24.3
2023-11-04,29.4,24.7
2023-11-05,30.1,25.0
2023-11-06,30.7,25.3
2023-11-07,26.8,25.3
2023-11-08,26.0,24.7
2023-11-09,27.3,24.8
2023-11-10,29.3,25.6
2023-11-11,26.5,24.8
2023-11-12,26.6,22.0
2023-11-13,25.2,20.3
2023-11-14,23.9,18.9
2023-11-15,25.2,20.7
2023-11-16,24.0,17.3
2023-11-17,21.9,15.6
2023-11-18,23.0,16.6
2023-11-19,23.3,18.5
2023-11-20,24.6,19.0
2023-11-21,24.6,20.3
2023-11-22,25.7,20.5
2023-11-23,26.3,20.5
2023-11-24,25.0,21.5
2023-11-25,24.3,20.0
2023-11-26,25.3,19.8
2023-11-27,26.7,20.2
2023-11-28,25.4,20.2
2023-11-29,24.0,21.2
2023-11-30,26.0,21.9
2023-12-01,23.2,19.6
2023-12-02,21.5,18.2
2023-12-03,23.3,20.1
2023-12-04,24.4,20.5
2023-12-05,24.1,19.7
2023-12-06,22.5,19.9
2023-12-07,25.1,18.4
2023-12-08,24.0,19.2
2023-12-09,24.9,21.6
2023-12-10,26.3,22.5
2023-12-11,27.3,22.3
2023-12-12,28.7,22.3
2023-12-13,23.2,21.6
2023-12-14,24.6,21.7
2023-12-15,26.9,23.2
2023-12-16,23.9,13.5
2023-12-17,15.2,11.4
2023-12-18,19.0,14.8
2023-12-19,19.0,14.7
2023-12-20,15.6,10.8
2023-12-21,12.3,9.8
2023-12-22,12.3,8.6
2023-12-23,13.3,8.1
2023-12-24,16.5,10.1
2023-12-25,18.2,12.1
2023-12-26,19.6,14.5
2023-12-27,21.8,16.6
2023-12-28,23.6,18.2
2023-12-29,21.0,18.3
2023-12-30,23.0,18.3
2023-12-31,25.7,19.0
2024-01-01,22.0,18.8
2024-01-02,20.5,17.8
2024-01-03,21.6,15.7
2024-01-04,19.6,15.4
2024-01-05,22.0,16.6
2024-01-06,23.8,17.8
2024-01-07,21.8,18.6
2024-01-08,20.6,17.7
2024-01-09,23.9,18.1
2024-01-10,23.2,17.9
2024-01-11,21.5,17.6
2024-01-12,21.8,17.1
2024-01-13,22.0,17.8
2024-01-14,23.8,18.5
2024-01-15,24.8,18.8
2024-01-16,20.5,17.5
2024-01-17,20.6,17.7
2024-01-18,24.2,19.1
2024-01-19,24.2,19.2
2024-01-20,24.6,19.5
2024-01-21,21.3,16.3
2024-01-22,18.5,9.8
2024-01-23,10.4,6.3
2024-01-24,12.5,6.5
2024-01-25,15.5,9.5
2024-01-26,17.8,13.1
2024-01-27,18.8,13.1
2024-01-28,15.7,11.7
2024-01-29,17.8,14.3
2024-01-30,20.2,16.8
2024-01-31,20.2,17.9
2024-02-01,23.9,19.8
2024-02-02,25.7,18.6
2024-02-03,22.5,17.7
2024-02-04,20.5,19.3
2024-02-05,21.7,19.6
2024-02-06,20.3,18.0
2024-02-07,18.4,14.7
2024-02-08,14.8,11.6
2024-02-09,14.2,11.0
2024-02-10,18.6,11.3
2024-02-11,22.8,13.6
2024-02-12,21.2,15.5
2024-02-13,22.8,16.8
2024-02-14,25.1,18.3
2024-02-15,26.0,19.7
2024-02-16,22.0,19.4
2024-02-17,21.2,17.8
2024-02-18,23.6,19.9
2024-02-19,25.1,21.1
2024-02-20,26.0,22.0
2024-02-21,27.8,22.5
2024-02-22,25.2,22.4
2024-02-23,22.9,19.3
2024-02-24,21.6,17.5
2024-02-25,19.2,15.6
2024-02-26,21.1,16.8
2024-02-27,19.5,15.9
2024-02-28,19.3,17.5
2024-02-29,22.0,16.2
2024-03-01,16.2,10.4
2024-03-02,14.1,9.6
2024-03-03,18.1,13.9
2024-03-04,22.9,17.3
2024-03-05,26.8,22.1
2024-03-06,26.5,20.1
2024-03-07,20.2,17.1
2024-03-08,22.4,15.7
2024-03-09,19.1,15.1
2024-03-10,16.8,15.3
2024-03-11,18.6,16.0
2024-03-12,24.0,15.6
2024-03-13,21.2,17.7
2024-03-14,22.0,18.6
2024-03-15,21.3,19.5
2024-03-16,22.4,19.5
2024-03-17,26.8,20.7
2024-03-18,23.0,19.8
2024-03-19,24.6,19.5
2024-03-20,24.3,18.3
2024-03-21,23.8,18.4
2024-03-22,25.9,20.4
2024-03-23,29.1,22.1
2024-03-24,31.5,24.5
2024-03-25,28.9,23.8
2024-03-26,30.3,23.7
2024-03-27,25.1,20.8
2024-03-28,27.9,22.4
2024-03-29,30.0,23.0
2024-03-30,30.8,24.3
2024-03-31,27.8,26.0
2024-04-01,29.1,26.3
2024-04-02,28.9,25.9
2024-04-03,28.9,26.1
2024-04-04,28.5,26.5
2024-04-05,29.3,24.7
2024-04-06,25.4,23.4
2024-04-07,28.3,23.7
2024-04-08,28.8,23.0
2024-04-09,24.3,21.7
2024-04-10,26.8,21.9
2024-04-11,27.7,22.8
2024-04-12,30.2,23.1
2024-04-13,31.9,24.3
2024-04-14,31.4,25.7
2024-04-15,30.3,26.2
2024-04-16,31.4,25.2
2024-04-17,30.9,27.0
2024-04-18,29.5,24.1
2024-04-19,29.9,26.1
2024-04-20,29.5,23.3
2024-04-21,27.2,21.5
2024-04-22,26.9,23.3
2024-04-23,27.2,24.6
2024-04-24,27.8,24.8
2024-04-25,28.5,24.4
2024-04-26,29.0,24.4
2024-04-27,30.2,27.7
2024-04-28,28.3,23.4
2024-04-29,29.9,25.3
2024-04-30,30.5,23.1
2024-05-01,24.5,22.4
2024-05-02,25.6,23.7
2024-05-03,24.8,23.7
2024-05-04,25.4,22.4
2024-05-05,28.3,22.8
2024-05-06,31.9,24.6
2024-05-07,31.0,25.6
2024-05-08,30.3,25.1
2024-05-09,28.5,25.0
2024-05-10,26.9,24.2
2024-05-11,30.0,24.8
2024-05-12,30.7,25.3
2024-05-13,30.3,23.7
2024-05-14,29.2,23.1
2024-05-15,30.5,23.6
2024-05-16,29.2,24.6
2024-05-17,28.5,23.9
2024-05-18,28.6,25.1
2024-05-19,26.3,24.1
2024-05-20,25.4,23.9
2024-05-21,26.2,24.1
2024-05-22,27.0,25.2
2024-05-23,28.2,25.0
2024-05-24,26.4,24.6
2024-05-25,27.7,24.8
2024-05-26,30.2,25.7
2024-05-27,29.9,27.3
2024-05-28,32.0,26.0
2024-05-29,28.8,24.6
2024-05-30,26.2,24.6
2024-05-31,29.8,25.8
2024-06-01,29.8,25.6
2024-06-02,30.3,25.8
2024-06-03,28.2,23.8
2024-06-04,24.9,22.9
2024-06-05,25.4,23.4
2024-06-06,28.7,24.7
2024-06-07,26.6,25.1
2024-06-08,28.9,24.8
2024-06-09,27.5,25.3
2024-06-10,30.7,26.5
2024-06-11,30.8,28.2
2024-06-12,31.8,28.1
2024-06-13,32.0,28.7
2024-06-14,30.4,27.7
2024-06-15,30.0,25.0
2024-06-16,30.9,26.1
2024-06-17,32.7,28.6
2024-06-18,32.1,27.6
2024-06-19,32.2,28.0
2024-06-20,33.0,27.3
2024-06-21,34.0,28.7
2024-06-22,33.8,29.5
2024-06-23,33.9,27.9
2024-06-24,33.4,28.8
2024-06-25,33.2,26.5
2024-06-26,34.0,27.9
2024-06-27,34.4,28.4
2024-06-28,34.2,28.9
2024-06-29,31.5,26.8
2024-06-30,32.0,27.7
2024-07-01,32.4,29.3
2024-07-02,32.7,29.1
2024-07-03,33.6,28.7
2024-07-04,32.5,27.7
2024-07-05,34.6,28.5
2024-07-06,34.0,29.2
2024-07-07,34.8,29.6
2024-07-08,34.4,29.5
2024-07-09,34.3,28.9
2024-07-10,34.5,27.0
2024-07-11,32.2,28.5
2024-07-12,31.7,27.4
2024-07-13,33.8,27.7
2024-07-14,34.6,26.7
2024-07-15,33.0,27.9
2024-07-16,30.4,26.0
2024-07-17,32.7,26.7
2024-07-18,30.9,26.7
2024-07-19,30.8,27.1
2024-07-20,33.5,29.0
2024-07-21,32.1,28.6
2024-07-22,33.5,29.0
2024-07-23,33.3,28.8
2024-07-24,32.7,28.7
2024-07-25,33.1,29.5
2024-07-26,30.3,28.9
2024-07-27,30.2,27.0
2024-07-28,27.8,26.4
2024-07-29,29.6,26.6
2024-07-30,30.3,26.1
2024-07-31,30.2,26.2
2024-08-01,32.9,28.2
2024-08-02,31.5,28.2
2024-08-03,33.3,28.7
2024-08-04,34.2,28.3
2024-08-05,35.4,29.3
2024-08-06,34.9,26.6
2024-08-07,33.7,28.6
2024-08-08,33.2,29.3
2024-08-09,33.0,28.7
2024-08-10,32.7,29.0
2024-08-11,32.0,29.2
2024-08-12,31.8,26.0
2024-08-13,33.4,28.0
2024-08-14,30.5,28.2
2024-08-15,29.9,26.0
2024-08-16,29.5,26.5
2024-08-17,28.8,25.2
2024-08-18,30.3,25.8
2024-08-19,28.8,26.9
2024-08-20,28.5,25.6
2024-08-21,28.2,26.3
2024-08-22,32.0,26.6
2024-08-23,31.4,28.0
2024-08-24,34.3,28.1
2024-08-25,33.7,28.0
2024-08-26,33.8,28.4
2024-08-27,34.1,28.5
2024-08-28,34.8,27.6
2024-08-29,33.6,28.3
2024-08-30,33.7,27.9
2024-08-31,32.2,27.8
2024-09-01,33.0,28.1
2024-09-02,34.2,28.4
2024-09-03,33.5,25.5
2024-09-04,32.5,26.5
2024-09-05,33.4,26.2
2024-09-06,28.8,25.9
2024-09-07,30.9,27.9
2024-09-08,30.1,27.3
2024-09-09,30.0,26.3
2024-09-10,33.3,26.8
2024-09-11,34.3,28.2
2024-09-12,32.2,27.7
2024-09-13,34.5,28.2
2024-09-14,33.5,26.7
2024-09-15,31.7,27.4
2024-09-16,30.6,25.8
2024-09-17,35.7,26.3
2024-09-18,32.8,26.8
2024-09-19,33.6,28.7
2024-09-20,32.6,27.4
2024-09-21,28.8,25.7
2024-09-22,30.1,24.4
2024-09-23,28.0,23.4
2024-09-24,28.2,25.2
2024-09-25,31.4,26.9
2024-09-26,31.6,27.4
2024-09-27,32.4,28.1
2024-09-28,32.1,27.5
2024-09-29,31.8,26.6
2024-09-30,33.3,27.9
2024-10-01,34.2,27.8
2024-10-02,30.8,25.5
2024-10-03,29.4,23.3
2024-10-04,30.9,24.6
2024-10-05,31.5,25.5
2024-10-06,33.3,26.7
2024-10-07,32.9,27.3
2024-10-08,31.7,26.2
2024-10-09,27.4,25.2
2024-10-10,30.6,24.5
2024-10-11,27.5,23.2
2024-10-12,29.7,25.6
2024-10-13,30.2,25.9
2024-10-14,31.0,26.3
2024-10-15,30.9,26.6
2024-10-16,31.1,27.4
2024-10-17,29.7,27.1
2024-10-18,30.7,27.1
2024-10-19,33.7,26.4
2024-10-20,29.7,26.9
2024-10-21,31.5,26.4
2024-10-22,32.3,26.0
2024-10-23,28.4,23.4
2024-10-24,28.5,22.0
2024-10-25,29.4,22.9
2024-10-26,28.5,25.3
2024-10-27,29.2,25.9
2024-10-28,27.2,24.6
2024-10-29,26.7,23.7
2024-10-30,29.3,24.3
2024-10-31,30.6,24.1
2024-11-01,30.6,24.0
2024-11-02,27.6,22.9
2024-11-03,29.2,24.6
2024-11-04,29.0,24.8
2024-11-05,29.2,24.1
2024-11-06,28.0,23.3
2024-11-07,27.0,22.3
2024-11-08,27.3,20.9
2024-11-09,27.9,23.4
2024-11-10,26.4,23.4
2024-11-11,26.3,24.0
2024-11-12,29.4,23.3
2024-11-13,26.2,23.2
2024-11-14,25.6,24.2
2024-11-15,25.1,23.5
2024-11-16,27.9,23.8
2024-11-17,26.2,22.9
2024-11-18,25.5,23.2
2024-11-19,23.2,18.4
2024-11-20,18.6,17.5
2024-11-21,21.1,17.9
2024-11-22,22.6,18.8
2024-11-23,22.5,18.4
2024-11-24,23.0,19.8
2024-11-25,23.5,21.1
2024-11-26,23.4,18.7
2024-11-27,21.5,17.0
2024-11-28,21.5,17.0
2024-11-29,21.2,16.6
2024-11-30,22.0,16.5
2024-12-01,22.7,17.6
2024-12-02,23.8,18.8
2024-12-03,24.9,19.7
2024-12-04,23.9,21.4
2024-12-05,23.3,20.7
2024-12-06,23.3,20.2
2024-12-07,23.3,17.9
2024-12-08,21.6,16.0
2024-12-09,20.2,17.1
2024-12-10,22.4,19.2
2024-12-11,25.2,20.0
2024-12-12,22.0,17.1
2024-12-13,20.7,15.6
2024-12-14,17.3,13.8
2024-12-15,17.0,13.0
2024-12-16,18.7,14.4
2024-12-17,20.4,15.5
2024-12-18,20.9,16.6
2024-12-19,18.1,13.7
2024-12-20,17.7,11.9
2024-12-21,20.2,13.9
2024-12-22,18.0,13.5
2024-12-23,17.5,15.1
2024-12-24,19.1,15.6
2024-12-25,20.6,16.6
2024-12-26,22.9,18.0
2024-12-27,20.9,18.1
2024-12-28,18.8,15.1
2024-12-29,17.4,13.3
2024-12-30,20.4,14.3
2024-12-31,22.6,17.6
2025-01-01,19.1,16.7
2025-01-02,22.0,16.9
2025-01-03,21.1,17.1
2025-01-04,19.7,15.9
2025-01-05,21.7,17.1
2025-01-06,21.5,15.7
2025-01-07,19.1,15.9
2025-01-08,20.6,16.6
2025-01-09,20.3,15.8
2025-01-10,17.5,12.7
2025-01-11,16.6,11.5
2025-01-12,18.2,11.0
2025-01-13,18.7,13.9
2025-01-14,20.2,16.2
2025-01-15,22.3,17.2
2025-01-16,18.3,14.1
2025-01-17,18.6,12.9
2025-01-18,19.5,14.2
2025-01-19,21.6,14.3
2025-01-20,20.9,15.4
2025-01-21,20.0,15.9
2025-01-22,21.4,17.3
2025-01-23,21.7,17.7
2025-01-24,20.8,17.1
2025-01-25,20.0,16.8
2025-01-26,17.5,12.2
2025-01-27,17.3,10.6
2025-01-28,19.1,11.8
2025-01-29,18.5,14.3
2025-01-30,18.4,14.5
2025-01-31,20.4,16.8
2025-02-01,21.9,17.2
2025-02-02,20.1,17.5
2025-02-03,17.8,13.1
2025-02-04,18.6,12.2
2025-02-05,18.5,13.6
2025-02-06,20.1,15.9
2025-02-07,17.7,12.7
2025-02-08,17.2,11.5
2025-02-09,17.4,11.8
2025-02-10,19.1,12.8
2025-02-11,19.9,15.2
2025-02-12,20.3,17.2
2025-02-13,19.6,16.9
2025-02-14,18.2,15.5
2025-02-15,22.3,16.7
2025-02-16,25.1,17.8
2025-02-17,21.9,17.3
2025-02-18,20.4,16.7
2025-02-19,18.7,16.1
2025-02-20,19.8,16.6
2025-02-21,19.4,16.3
2025-02-22,18.1,15.5
2025-02-23,18.8,15.4
2025-02-24,19.5,13.0
2025-02-25,19.6,14.4
2025-02-26,20.7,16.1
2025-02-27,22.2,16.1
2025-02-28,25.4,18.1
2025-03-01,23.9,20.4
2025-03-02,27.0,21.2
2025-03-03,26.7,21.3
2025-03-04,27.0,22.4
2025-03-05,23.9,17.4
2025-03-06,17.5,12.7
2025-03-07,14.5,12.1
2025-03-08,20.9,13.9
2025-03-09,22.0,16.0
2025-03-10,25.6,18.0
2025-03-11,24.1,19.6
2025-03-12,24.3,21.4
2025-03-13,28.5,21.9
2025-03-14,23.5,20.1
2025-03-15,25.9,18.8
2025-03-16,20.9,15.4
2025-03-17,18.4,15.1
2025-03-18,19.8,15.1
2025-03-19,22.8,15.5
2025-03-20,24.4,16.5
2025-03-21,25.9,16.9
2025-03-22,26.3,17.9
2025-03-23,26.9,18.1
2025-03-24,27.7,18.9
2025-03-25,28.4,20.2
2025-03-26,26.6,21.8
2025-03-27,28.1,23.2
2025-03-28,29.4,19.3
2025-03-29,19.3,13.7
2025-03-30,15.0,12.7
2025-03-31,14.3,12.5
2025-04-01,20.3,12.9
2025-04-02,23.4,15.0
2025-04-03,25.5,16.9
2025-04-04,21.0,18.9
2025-04-05,19.8,18.7
2025-04-06,23.4,18.8
2025-04-07,26.6,19.5
2025-04-08,26.7,20.8
2025-04-09,27.2,22.2
2025-04-10,27.8,22.7
2025-04-11,27.6,23.0
2025-04-12,27.1,20.4
2025-04-13,24.5,20.3
2025-04-14,26.2,19.8
2025-04-15,33.0,20.3
2025-04-16,27.5,21.9
2025-04-17,28.7,22.4
2025-04-18,26.5,23.5
2025-04-19,28.0,25.0
2025-04-20,30.6,25.8
2025-04-21,29.1,25.6
2025-04-22,29.1,25.8
2025-04-23,30.8,26.4
2025-04-24,30.1,26.1
2025-04-25,26.5,23.5
2025-04-26,23.9,21.3
2025-04-27,23.2,21.2
2025-04-28,29.3,22.6
2025-04-29,28.3,23.5
2025-04-30,29.2,23.1
2025-05-01,27.9,24.5
2025-05-02,32.3,24.6
2025-05-03,29.7,25.3
2025-05-04,31.7,25.5
2025-05-05,32.0,25.8
2025-05-06,30.4,26.9
2025-05-07,28.0,25.6
2025-05-08,29.2,25.0
2025-05-09,29.3,25.7
2025-05-10,30.7,25.1
2025-05-11,29.5,21.0
2025-05-12,30.4,23.1
2025-05-13,29.3,23.8
2025-05-14,31.4,25.0
2025-05-15,31.9,26.3
2025-05-16,29.3,26.7
2025-05-17,32.8,26.7
2025-05-18,32.5,27.3
2025-05-19,31.5,27.9
2025-05-20,30.8,28.3
2025-05-21,32.4,28.5
2025-05-22,33.0,28.4
2025-05-23,32.4,26.5
2025-05-24,30.5,26.4
2025-05-25,27.3,24.5
2025-05-26,27.7,24.2
2025-05-27,29.2,24.4
2025-05-28,27.3,25.0
2025-05-29,27.9,25.0
2025-05-30,25.0,23.6
2025-05-31,25.4,24.3
2025-06-01,31.2,24.9
2025-06-02,31.2,28.2
2025-06-03,30.6,27.7
2025-06-04,28.5,25.0
2025-06-05,28.1,24.8
2025-06-06,31.8,26.1
2025-06-07,33.6,27.0
2025-06-08,33.2,28.0
2025-06-09,34.3,28.2
2025-06-10,35.6,28.4
2025-06-11,31.2,28.7
2025-06-12,31.3,27.1
2025-06-13,31.0,26.2
2025-06-14,31.5,27.1
2025-06-15,30.1,28.7
2025-06-16,31.1,28.3
2025-06-17,29.5,25.5
2025-06-18,31.8,26.7
2025-06-19,32.5,27.0
2025-06-20,30.4,27.1
2025-06-21,32.2,26.5
2025-06-22,31.7,27.4
2025-06-23,32.1,27.0
2025-06-24,33.4,28.4
2025-06-25,34.5,27.9
2025-06-26,31.6,26.9
2025-06-27,30.1,27.0
2025-06-28,30.9,27.0
2025-06-29,30.8,27.4
2025-06-30,30.5,26.7
2025-07-01,29.8,26.4
2025-07-02,33.3,27.4
2025-07-03,33.6,28.4
2025-07-04,34.5,28.5
2025-07-05,34.8,29.0
2025-07-06,33.5,28.2
2025-07-07,34.3,29.1
2025-07-08,33.3,29.7
2025-07-09,33.6,25.8
2025-07-10,29.0,25.0
2025-07-11,29.9,25.9
2025-07-12,31.3,26.4
2025-07-13,33.3,27.8
2025-07-14,33.2,27.8
2025-07-15,32.7,28.3
2025-07-16,34.0,29.0
2025-07-17,34.2,29.2
2025-07-18,31.3,26.1
2025-07-19,33.5,27.0
2025-07-20,28.0,25.9
2025-07-21,27.9,26.4
2025-07-22,30.5,25.8
2025-07-23,33.3,26.4
2025-07-24,32.0,27.5
2025-07-25,33.6,25.4
2025-07-26,35.2,26.1
2025-07-27,33.1,28.8
2025-07-28,32.8,28.3
2025-07-29,29.1,25.8
2025-07-30,32.6,28.5
2025-07-31,31.8,28.2
2025-08-01,33.2,28.6
2025-08-02,30.1,26.3
2025-08-03,30.2,25.5
2025-08-04,30.0,26.1
2025-08-05,29.2,24.0
2025-08-06,30.1,25.5
2025-08-07,32.9,26.8
2025-08-08,32.9,27.6
2025-08-09,33.8,28.0
2025-08-10,34.4,28.6
2025-08-11,32.5,28.1
2025-08-12,32.6,27.7
2025-08-13,33.0,28.3
2025-08-14,29.5,24.4
2025-08-15,30.2,25.5
2025-08-16,32.8,27.4
2025-08-17,30.2,25.6
2025-08-18,28.4,25.4
2025-08-19,27.9,25.4
2025-08-20,32.2,27.1
2025-08-21,33.3,27.9
2025-08-22,32.7,27.3
2025-08-23,33.6,27.6
2025-08-24,31.7,28.5
2025-08-25,31.3,28.3
2025-08-26,34.2,28.0
2025-08-27,32.7,27.7
2025-08-28,30.6,26.0
2025-08-29,33.0,28.9
2025-08-30,31.9,27.6
2025-08-31,33.0,28.1
2025-09-01,34.4,28.2
2025-09-02,33.7,28.5
2025-09-03,34.1,28.5
2025-09-04,35.2,28.5
2025-09-05,35.3,28.3
2025-09-06,34.5,28.7
2025-09-07,30.5,25.9
2025-09-08,28.6,25.0
2025-09-09,29.9,27.7
2025-09-10,32.4,27.5
2025-09-11,33.2,27.3
2025-09-12,33.6,28.0
2025-09-13,33.9,28.0
2025-09-14,34.0,27.7
2025-09-15,33.8,28.2
2025-09-16,33.2,28.5
2025-09-17,33.6,25.3
2025-09-18,33.3,28.2
2025-09-19,30.0,27.0
2025-09-20,28.5,25.0
2025-09-21,27.5,25.7
2025-09-22,32.5,26.5
2025-09-23,31.4,26.2
2025-09-24,27.2,25.0
2025-09-25,28.5,27.0
2025-09-26,33.3,27.4
2025-09-27,32.8,28.3
2025-09-28,31.4,28.1
2025-09-29,32.7,27.8
2025-09-30,32.8,27.0
2025-10-01,33.6,27.7
2025-10-02,32.5,27.9
2025-10-03,33.4,27.8
2025-10-04,33.4,27.5
2025-10-05,29.9,27.8
2025-10-06,31.0,27.3
2025-10-07,32.7,26.7
2025-10-08,33.1,28.0
2025-10-09,32.7,28.4
2025-10-10,32.1,27.8
2025-10-11,32.5,28.0
2025-10-12,29.1,26.6
2025-10-13,31.0,27.1
2025-10-14,32.0,26.7
2025-10-15,32.8,27.6
2025-10-16,32.0,28.3
2025-10-17,32.2,28.1
2025-10-18,32.8,28.3
2025-10-19,32.9,28.2
2025-10-20,29.0,23.7
2025-10-21,24.0,20.4
2025-10-22,20.9,18.2
2025-10-23,22.8,18.7
2025-10-24,26.4,21.1
2025-10-25,29.0,23.2
2025-10-26,29.2,24.2
2025-10-27,26.1,22.9
2025-10-28,24.4,21.5
2025-10-29,25.5,22.9
2025-10-30,28.9,24.8
2025-10-31,28.7,25.1
2025-11-01,25.2,23.1
2025-11-02,27.7,23.5
2025-11-03,24.8,22.9
2025-11-04,23.2,21.6
2025-11-05,26.4,20.9
2025-11-06,27.3,23.0
2025-11-07,25.6,23.2
2025-11-08,28.1,24.6
2025-11-09,28.9,24.2
2025-11-10,27.2,23.3
2025-11-11,23.6,22.4
2025-11-12,25.3,20.8
2025-11-13,24.0,19.1
2025-11-14,26.0,18.4
2025-11-15,26.6,22.7
2025-11-16,26.4,22.4
2025-11-17,27.4,22.7
2025-11-18,23.9,14.7
2025-11-19,16.8,13.2
2025-11-20,18.2,14.6
2025-11-21,22.5,17.3
2025-11-22,23.7,17.5
2025-11-23,25.2,20.3
2025-11-24,25.8,21.5
2025-11-25,23.7,20.0
2025-11-26,22.8,17.6
2025-11-27,22.2,18.2
2025-11-28,22.6,16.7
2025-11-29,23.9,18.4
2025-11-30,24.5,20.7
2025-12-01,25.6,21.0
2025-12-02,24.5,21.7
2025-12-03,22.7,20.5
2025-12-04,20.9,18.9
2025-12-05,22.8,18.9
2025-12-06,22.9,18.8
2025-12-07,24.0,18.7
2025-12-08,25.5,20.5
2025-12-09,23.4,19.5
2025-12-10,21.9,19.7
2025-12-11,26.0,20.4
2025-12-12,21.8,20.3
2025-12-13,22.6,15.7
2025-12-14,19.5,15.6
2025-12-15,19.9,15.6
2025-12-16,22.9,18.0
2025-12-17,25.3,18.3
2025-12-18,22.4,19.1
2025-12-19,23.7,18.9
2025-12-20,24.9,21.2
2025-12-21,24.7,19.9
2025-12-22,21.0,19.0
2025-12-23,21.3,18.9
2025-12-24,23.8,19.1
2025-12-25,20.8,14.8
2025-12-26,15.5,14.0
2025-12-27,19.5,13.8
2025-12-28,20.5,16.1
2025-12-29,21.5,16.8
2025-12-30,23.3,17.1
2025-12-31,20.8,18.6
2026-01-01,21.7,16.5
2026-01-02,17.7,12.8
2026-01-03,16.5,11.4
2026-01-04,20.3,14.1
2026-01-05,22.1,15.1
2026-01-06,16.8,11.8
2026-01-07,16.4,10.9
2026-01-08,18.1,11.8
2026-01-09,18.9,13.0
2026-01-10,20.6,14.2
2026-01-11,20.7,14.7
2026-01-12,20.6,15.7
2026-01-13,22.5,15.9
2026-01-14,21.2,17.0
2026-01-15,23.1,16.2
2026-01-16,24.0,16.9
2026-01-17,24.8,17.6
2026-01-18,22.4,18.9
2026-01-19,21.9,18.1
2026-01-20,20.1,17.6
2026-01-21,18.1,14.9
2026-01-22,16.3,12.9
2026-01-23,17.5,12.3
2026-01-24,19.6,14.7
2026-01-25,20.1,16.6
2026-01-26,22.6,17.8
2026-01-27,24.8,18.9
2026-01-28,21.3,17.9
2026-01-29,19.9,16.8
2026-01-30,20.4,17.6
2026-01-31,19.6,16.0
2026-02-01,19.7,12.0
2026-02-02,21.0,15.2
2026-02-03,20.2,16.5
2026-02-04,22.1,16.6
2026-02-05,25.2,18.1
2026-02-06,26.2,18.9
2026-02-07,21.2,18.3
2026-02-08,18.4,14.9
2026-02-09,16.4,14.1
2026-02-10,19.6,16.4
2026-02-11,25.2,18.0
2026-02-12,19.9,17.6
2026-02-13,24.5,17.7
2026-02-14,25.8,18.5
2026-02-15,26.9,20.9
2026-02-16,27.9,22.0
2026-02-17,22.4,18.2
2026-02-18,23.0,17.9
2026-02-19,22.4,17.8
2026-02-20,24.6,18.6
2026-02-21,23.4,19.2
2026-02-22,25.3,20.2
2026-02-23,23.0,20.8
2026-02-24,25.7,19.5
2026-02-25,26.0,21.3
2026-02-26,21.9,19.0
2026-02-27,22.8,20.4
2026-02-28,21.8,19.0
2026-03-01,21.1,18.7
2026-03-02,23.9,21.0
2026-03-03,22.8,17.0
2026-03-04,17.5,15.4
2026-03-05,23.2,16.2
2026-03-06,23.6,17.4
2026-03-07,22.3,18.3
2026-03-08,22.4,16.8
2026-03-09,22.8,17.9
2026-03-10,19.6,16.3
2026-03-11,20.7,17.6
2026-03-12,24.5,17.5
2026-03-13,21.8,17.2
2026-03-14,24.3,16.0
2026-03-15,25.0,18.2
2026-03-16,24.0,18.7
2026-03-17,24.0,20.0
2026-03-18,27.8,20.8
2026-03-19,28.1,21.1
2026-03-20,23.3,20.5
2026-03-21,22.3,20.6
2026-03-22,25.4,20.8
2026-03-23,27.4,21.1
2026-03-24,26.9,22.4
2026-03-25,30.0,22.2
2026-03-26,28.4,23.4
2026-03-27,26.2,23.2
2026-03-28,27.4,22.9
2026-03-29,25.8,22.2
2026-03-30,28.3,22.1
2026-03-31,27.5,24.6
2026-04-01,27.3,22.4
2026-04-02,24.0,22.0
2026-04-03,27.1,23.2
2026-04-04,26.4,23.2
2026-04-05,25.7,23.1
2026-04-06,28.1,25.3
2026-04-07,29.2,26.0
2026-04-08,26.7,22.3
2026-04-09,28.0,23.3
2026-04-10,28.3,25.6
2026-04-11,27.6,25.9
2026-04-12,28.5,25.5
2026-04-13,29.7,25.9
2026-04-14,29.0,25.6
2026-04-15,28.9,25.4
2026-04-16,30.2,25.3
2026-04-17,28.0,23.0
2026-04-18,28.5,23.0
2026-04-19,30.0,24.4
2026-04-20,28.4,25.2
2026-04-21,28.9,24.4
2026-04-22,29.4,25.6
2026-04-23,29.0,23.5
2026-04-24,23.7,19.7
2026-04-25,26.5,20.1
2026-04-26,28.8,22.8
2026-04-27,27.9,23.5
2026-04-28,29.4,24.8
2026-04-29,28.4,22.3
2026-04-30,26.7,20.2
